Flight_ID,Date,Airline_Code,Flight_Number,Aircraft_Type,Origin_Destination,Terminal,Gate,Scheduled_Departure,Actual_Departure,Scheduled_Arrival,Actual_Arrival,Passenger_Count,Delay_Category,Delay_Minutes,Baggage_Count,Cargo_Weight,Fuel_Consumption,Airline_Fee
CDG001,2024-03-14,EK,EK6901,B787,DOH,2B,F02,04:39,04:39,15:52,15:52,276,None,0,377,20,11756,4103
CDG002,2024-03-17,BA,BA7800,A330,FRA,3,G19,16:00,18:58,23:57,02:55,495,Security,178,598,14,9128,5496
CDG003,2024-03-20,KL,KL5805,B777,NRT,2C,F06,17:40,17:40,06:27,06:27,345,None,0,454,10,11248,5040
CDG004,2024-03-20,QR,QR4945,B777,FRA,2D,D01,18:33,19:21,20:27,21:15,345,Ground_Handling,48,479,6,8767,7563
CDG005,2024-03-20,AC,AC6820,B737,LHR,2D,B04,13:08,13:08,00:18,00:18,131,None,0,174,7,10911,4306
CDG006,2024-03-17,LH,LH2422,B737,AMS,2B,C27,22:47,22:47,05:37,05:37,130,None,0,161,19,10236,3136
CDG007,2024-03-18,AF,AF4717,B737,DXB,2F,B05,07:30,07:30,16:56,16:56,135,None,0,178,14,8086,1640
CDG008,2024-03-19,QR,QR9737,A320,LHR,2E,B21,09:24,09:24,12:46,12:46,153,None,0,205,2,10410,3768
CDG009,2024-03-20,AC,AC5069,B777,DXB,3,G19,04:51,04:51,14:47,14:47,488,None,0,610,15,11341,6666
CDG010,2024-03-19,KL,KL1322,B737,JFK,2B,B29,11:01,12:49,21:48,23:36,167,Crew,108,232,15,11530,2489
CDG011,2024-03-18,VS,VS1081,A350,FRA,2C,E12,01:38,03:13,10:30,12:05,281,Weather,95,342,13,10275,4658
CDG012,2024-03-20,BA,BA8491,B737,JFK,2A,F15,21:46,21:46,00:59,00:59,149,None,0,204,13,11445,2460
CDG013,2024-03-18,QR,QR5883,B737,FRA,2A,D13,12:29,12:29,00:40,00:40,164,None,0,225,21,9057,7689
CDG014,2024-03-19,QR,QR6039,A320,PEK,2D,E23,03:54,03:54,06:06,06:06,144,None,0,176,22,11280,5841
CDG015,2024-03-15,LH,LH7240,B737,FRA,2B,C15,18:06,18:06,01:56,01:56,134,None,0,172,21,11915,3955
CDG016,2024-03-16,AC,AC2369,B787,PEK,2D,F26,10:32,10:32,21:10,21:10,307,None,0,406,18,9966,7166
CDG017,2024-03-19,AF,AF2066,B777,NRT,2D,C18,23:33,23:33,12:13,12:13,393,None,0,495,0,11677,6621
CDG018,2024-03-16,AC,AC7178,A320,NRT,3,G18,18:31,18:44,19:49,20:02,138,Technical,13,184,11,10408,8329
CDG019,2024-03-16,AF,AF2182,B777,YYZ,2A,D20,14:30,14:30,22:08,22:08,472,None,0,630,19,10469,6925
CDG020,2024-03-16,AC,AC1982,B787,LHR,2A,F01,09:07,09:46,16:36,17:15,264,ATC,39,359,7,10865,3085
CDG021,2024-03-16,AF,AF6338,A350,YYZ,1,A03,08:32,08:32,13:22,13:22,323,None,0,421,1,9680,4564
CDG022,2024-03-16,KL,KL2150,B787,LAX,2B,F23,08:27,08:27,12:34,12:34,257,None,0,325,9,8913,5099
CDG023,2024-03-16,KL,KL9070,A350,YYZ,2A,F25,04:03,04:03,09:57,09:57,261,None,0,340,3,8635,4210
CDG024,2024-03-16,QR,QR4896,B777,JFK,2F,D16,17:26,17:26,23:08,23:08,519,None,0,669,20,11214,3455
CDG025,2024-03-18,BA,BA7972,A350,LHR,1,A12,10:48,10:48,13:48,13:48,334,None,0,401,2,11345,7135
CDG026,2024-03-14,QR,QR2734,B777,YYZ,2B,E16,05:54,05:54,18:05,18:05,357,None,0,482,22,10468,5061
CDG027,2024-03-14,BA,BA3026,B787,LAX,2C,F23,23:20,00:21,11:16,12:17,269,ATC,61,323,22,11909,6138
CDG028,2024-03-17,AC,AC1580,A320,NRT,2F,E07,03:17,03:17,06:17,06:17,138,None,0,170,0,11588,5431
CDG029,2024-03-15,AF,AF8389,B787,PEK,2C,D29,16:49,16:49,01:34,01:34,342,None,0,459,17,8654,4772
CDG030,2024-03-17,KL,KL8394,B787,FRA,2B,B09,21:47,21:47,05:44,05:44,255,None,0,338,4,9300,5885
CDG031,2024-03-19,AC,AC8726,B787,LHR,2E,D19,05:15,08:04,13:00,15:49,301,Crew,169,365,7,11480,4740
CDG032,2024-03-20,EK,EK6296,A330,LAX,2A,B03,11:25,11:25,14:03,14:03,336,None,0,423,12,9141,6315
CDG033,2024-03-15,AC,AC5572,A330,JFK,1,A14,17:58,17:58,02:10,02:10,444,None,0,618,11,11399,5061
CDG034,2024-03-16,KL,KL7883,B787,FRA,2C,B29,13:52,13:52,16:04,16:04,293,None,0,352,24,10269,7036
CDG035,2024-03-17,BA,BA6206,A330,JFK,1,A02,22:10,22:10,07:59,07:59,435,None,0,608,7,10989,6564
CDG036,2024-03-14,KL,KL5949,A320,LHR,2B,C23,09:16,11:25,17:02,19:11,144,Ground_Handling,129,199,9,9621,2842
CDG037,2024-03-19,QR,QR1244,B787,DXB,1,A04,07:15,07:15,13:45,13:45,303,None,0,382,17,10712,5685
CDG038,2024-03-16,QR,QR6337,B787,FRA,2B,E10,08:29,08:29,12:22,12:22,319,None,0,426,3,11330,7766
CDG039,2024-03-20,BA,BA5430,A320,YYZ,2D,E28,03:38,03:38,07:13,07:13,122,None,0,163,15,10385,1232
CDG040,2024-03-16,AC,AC9871,A350,LAX,2F,F18,03:56,03:56,07:13,07:13,345,None,0,414,20,8919,5369
CDG041,2024-03-18,VS,VS3548,A330,AMS,2C,D08,02:23,02:23,04:30,04:30,403,None,0,511,0,10599,4386
CDG042,2024-03-14,AF,AF3479,B777,JFK,2C,E05,21:13,21:13,09:30,09:30,492,None,0,681,10,8327,2211
CDG043,2024-03-15,VS,VS2835,A330,DXB,2A,C20,02:50,04:44,13:00,14:54,437,Operational,114,594,18,9491,6664
CDG044,2024-03-15,EK,EK5546,A330,DXB,3,G21,04:21,04:21,09:35,09:35,495,None,0,692,0,9730,8190
CDG045,2024-03-18,VS,VS4920,B777,NRT,2F,C22,17:04,17:04,21:00,21:00,310,None,0,396,2,10323,3913
CDG046,2024-03-14,VS,VS1760,A350,LAX,1,A21,13:36,16:14,19:15,21:53,266,ATC,158,331,3,10958,6824
CDG047,2024-03-18,KL,KL6977,B777,FRA,1,A22,20:05,21:08,05:39,06:42,332,Ground_Handling,63,426,4,8296,7953
CDG048,2024-03-14,KL,KL8788,B787,DOH,2B,C05,21:04,21:04,23:35,23:35,316,None,0,380,14,9477,5267
CDG049,2024-03-20,QR,QR9410,B787,DXB,2D,F08,21:02,21:02,03:09,03:09,341,None,0,448,18,9451,7110
CDG050,2024-03-14,AC,AC1310,B737,JFK,2D,E06,07:29,07:29,19:51,19:51,175,None,0,235,16,8194,1563
CDG051,2024-03-19,VS,VS5456,B737,LHR,2A,E21,10:16,10:24,15:51,15:59,138,ATC,8,190,20,10167,5055
CDG052,2024-03-15,EK,EK7497,B777,LHR,2F,E16,04:09,04:09,13:14,13:14,377,None,0,520,14,10737,5053
CDG053,2024-03-20,QR,QR6649,B777,DOH,2F,C24,09:03,09:03,14:34,14:34,433,None,0,567,14,8425,7479
CDG054,2024-03-14,AC,AC1125,A320,JFK,3,G25,19:02,19:02,06:41,06:41,141,None,0,183,5,8783,1839
CDG055,2024-03-19,BA,BA5591,A330,AMS,2D,D13,12:08,12:08,20:39,20:39,351,None,0,423,4,10416,6452
CDG056,2024-03-17,AF,AF5357,B777,LAX,2F,B07,14:31,16:10,02:05,03:44,473,ATC,99,642,3,10843,7700
CDG057,2024-03-15,VS,VS1089,A330,YYZ,2B,F28,04:36,05:55,15:04,16:23,444,Operational,79,592,24,8061,2882
CDG058,2024-03-19,KL,KL8449,B777,FRA,2E,F25,23:50,23:50,10:12,10:12,481,None,0,648,23,9811,2316
CDG059,2024-03-16,AC,AC3682,A350,FRA,3,G18,22:51,22:51,08:31,08:31,251,None,0,326,1,10274,7457
CDG060,2024-03-19,EK,EK7948,B737,DXB,2F,E08,15:40,15:40,03:55,03:55,126,None,0,162,6,11763,7649
CDG061,2024-03-15,KL,KL7565,B777,DOH,2D,F11,16:55,16:55,22:04,22:04,437,None,0,529,16,8066,3504
CDG062,2024-03-15,VS,VS7753,A320,YYZ,2D,B11,18:15,18:15,21:35,21:35,144,None,0,187,1,10625,3456
CDG063,2024-03-17,KL,KL8284,A330,LHR,2C,E01,15:51,16:10,02:51,03:10,414,ATC,19,501,1,9738,6894
CDG064,2024-03-18,KL,KL8548,B787,DXB,2D,B05,01:33,01:33,14:29,14:29,344,None,0,432,10,9614,8388
CDG065,2024-03-17,KL,KL4740,A350,DOH,2F,B27,08:30,08:30,18:03,18:03,258,None,0,319,14,9773,1939
CDG066,2024-03-20,EK,EK4946,A320,FRA,2A,B01,18:34,19:26,02:40,03:32,179,Crew,52,216,7,11358,6319
CDG067,2024-03-19,KL,KL3240,B777,FRA,2B,C26,02:05,02:20,08:35,08:50,329,Ground_Handling,15,422,18,11938,4611
CDG068,2024-03-16,AF,AF6348,B737,LHR,2F,F19,14:39,14:39,17:11,17:11,124,None,0,159,13,9036,2173
CDG069,2024-03-20,BA,BA5646,A320,DOH,3,G11,22:13,00:16,12:44,14:47,131,Technical,123,168,5,9974,5945
CDG070,2024-03-18,AF,AF7860,A320,DOH,2B,B19,09:44,09:49,13:54,13:59,137,ATC,5,172,5,9516,1601
CDG071,2024-03-20,VS,VS1284,A330,JFK,2F,B05,17:27,19:53,21:10,23:36,488,ATC,146,631,20,9914,1287
CDG072,2024-03-16,AC,AC4874,B787,JFK,2E,E19,02:52,02:52,15:14,15:14,337,None,0,447,1,8010,1940
CDG073,2024-03-18,AC,AC6626,A320,NRT,1,A27,01:45,01:45,12:57,12:57,167,None,0,202,10,11849,8053
CDG074,2024-03-20,KL,KL1197,A320,LHR,1,A29,15:18,15:18,20:47,20:47,171,None,0,210,13,11673,5754
CDG075,2024-03-17,BA,BA5313,B737,DXB,2B,B17,09:12,09:15,14:10,14:13,131,Security,3,179,15,10385,2714
CDG076,2024-03-18,EK,EK5338,A330,AMS,2A,E14,00:21,01:28,04:53,06:00,315,Security,67,435,16,9071,5918
CDG077,2024-03-19,VS,VS7615,B777,JFK,2B,F22,18:27,18:27,22:44,22:44,335,None,0,442,15,8458,8114
CDG078,2024-03-16,KL,KL5154,B787,DOH,2F,F24,16:44,16:44,00:55,00:55,289,None,0,391,15,8920,2093
CDG079,2024-03-17,EK,EK5532,A330,AMS,1,A29,09:08,09:08,17:07,17:07,366,None,0,443,15,8255,7127
CDG080,2024-03-16,BA,BA9735,A350,YYZ,1,A27,18:23,18:23,21:10,21:10,251,None,0,342,15,8495,5571
CDG081,2024-03-18,EK,EK2880,B787,DXB,2A,E10,11:23,11:23,13:00,13:00,303,None,0,366,1,10982,6253
CDG082,2024-03-18,KL,KL9243,A350,DOH,2A,F29,04:43,04:43,13:58,13:58,316,None,0,409,15,9199,2173
CDG083,2024-03-20,BA,BA8912,B777,JFK,3,G06,04:53,04:59,14:46,14:52,465,Security,6,621,22,11747,4364
CDG084,2024-03-14,AF,AF7147,A330,FRA,3,G19,14:21,16:39,03:12,05:30,453,Technical,138,611,4,9234,6567
CDG085,2024-03-19,AF,AF3867,A320,PEK,2C,E02,05:05,07:29,15:58,18:22,139,Security,144,184,15,10900,8205
CDG086,2024-03-15,AF,AF3314,A320,DXB,2A,D17,10:08,10:08,17:37,17:37,147,None,0,190,5,9845,4690
CDG087,2024-03-17,AC,AC5918,A330,DOH,2C,B06,22:59,22:59,07:07,07:07,369,None,0,446,4,9001,7543
CDG088,2024-03-14,EK,EK4358,A330,PEK,2F,D11,15:07,15:07,21:28,21:28,384,None,0,496,5,8684,4808
CDG089,2024-03-17,QR,QR9750,B777,YYZ,2F,C04,19:29,19:29,23:54,23:54,361,None,0,451,4,11656,1680
CDG090,2024-03-15,AC,AC4946,B737,PEK,2C,C19,03:06,03:06,12:55,12:55,149,None,0,188,8,10187,8357
CDG091,2024-03-15,AF,AF7183,B787,YYZ,2C,C21,02:01,02:01,05:37,05:37,331,None,0,428,23,10258,3551
CDG092,2024-03-18,EK,EK9569,B737,LAX,2D,B11,14:20,16:06,00:19,02:05,128,Security,106,160,1,10173,3033
CDG093,2024-03-16,QR,QR9044,B737,LAX,2B,C05,16:37,16:37,01:03,01:03,141,None,0,188,23,10319,6384
CDG094,2024-03-18,AF,AF7341,A320,LAX,2F,E02,04:15,04:15,11:49,11:49,170,None,0,226,2,11483,6849
CDG095,2024-03-14,LH,LH1345,B777,DXB,1,A18,17:53,17:53,21:59,21:59,419,None,0,511,7,9749,2477
CDG096,2024-03-18,AC,AC5501,A350,FRA,2C,E15,10:56,11:17,20:19,20:40,303,Weather,21,365,7,9142,4547
CDG097,2024-03-14,LH,LH4573,B777,AMS,2E,B01,03:30,03:30,13:52,13:52,390,None,0,508,23,10315,1704
CDG098,2024-03-14,AF,AF5307,A330,DXB,2C,B12,04:06,04:06,15:38,15:38,365,None,0,486,3,11781,5289
CDG099,2024-03-19,QR,QR8878,A350,NRT,2F,B10,06:16,06:16,13:20,13:20,334,None,0,426,13,10867,7444
CDG100,2024-03-18,VS,VS9527,B777,AMS,2D,E01,06:07,06:07,15:41,15:41,429,None,0,531,12,9995,1822
CDG101,2024-03-18,VS,VS6975,A330,LAX,2B,F04,03:36,03:36,07:17,07:17,399,None,0,520,13,10519,4213
CDG102,2024-03-18,AF,AF8431,B777,DOH,2B,E15,16:37,19:23,07:47,10:33,492,Ground_Handling,166,620,3,10757,6083
CDG103,2024-03-17,QR,QR5376,A330,LAX,3,G16,08:41,08:41,10:41,10:41,511,None,0,709,14,10278,6810
CDG104,2024-03-18,KL,KL6248,A320,PEK,1,A17,17:04,17:04,18:24,18:24,172,None,0,228,5,10457,3167
CDG105,2024-03-17,AF,AF6740,B787,JFK,2C,B11,14:59,14:59,16:06,16:06,314,None,0,404,1,11743,6354
CDG106,2024-03-18,BA,BA2826,B777,LHR,2A,D05,05:22,07:18,15:59,17:55,398,Weather,116,541,13,8253,3841
CDG107,2024-03-15,KL,KL8630,B777,LHR,2A,F12,08:16,08:16,15:53,15:53,379,None,0,489,19,10163,6320
CDG108,2024-03-20,QR,QR8541,B737,DOH,2C,D08,05:15,07:43,14:24,16:52,148,Technical,148,201,24,9661,8335
CDG109,2024-03-18,AF,AF2405,B737,NRT,2B,E25,00:39,00:39,03:28,03:28,175,None,0,221,5,11045,2037
CDG110,2024-03-14,QR,QR5489,B787,AMS,2F,D10,04:42,05:02,13:25,13:45,322,Weather,20,389,8,11185,1799
CDG111,2024-03-17,LH,LH5009,B787,AMS,3,G21,23:58,02:16,03:35,05:53,263,Crew,138,316,20,10673,5215
CDG112,2024-03-14,QR,QR4941,B787,NRT,2B,D10,00:55,01:22,08:31,08:58,251,Operational,27,342,21,8639,1903
CDG113,2024-03-15,LH,LH9424,B737,FRA,2A,E11,23:56,00:52,07:02,07:58,163,Technical,56,204,18,9642,7075
CDG114,2024-03-18,KL,KL9600,A330,DXB,2A,E24,05:58,08:45,13:07,15:54,453,Technical,167,546,18,11480,2766
CDG115,2024-03-15,LH,LH3030,B777,DXB,2E,E14,22:25,22:25,04:16,04:16,432,None,0,523,2,8066,2712
CDG116,2024-03-17,EK,EK4454,A350,LAX,2D,D20,18:52,18:52,21:49,21:49,325,None,0,435,24,9333,1728
CDG117,2024-03-14,KL,KL2865,B777,DXB,2C,E28,16:32,16:32,03:12,03:12,510,None,0,679,19,11797,7979
CDG118,2024-03-14,KL,KL2243,A350,DOH,2B,C15,20:22,20:22,01:16,01:16,303,None,0,380,1,8872,2766
CDG119,2024-03-17,BA,BA7322,A350,AMS,2B,F03,21:37,23:54,10:17,12:34,281,Technical,137,368,21,8536,6534
CDG120,2024-03-16,BA,BA6597,B777,PEK,1,A14,01:38,01:38,07:44,07:44,352,None,0,431,0,9869,2103
CDG121,2024-03-16,AC,AC6527,B777,PEK,3,G27,10:16,11:18,16:58,18:00,467,Operational,62,647,13,10333,3852
CDG122,2024-03-19,QR,QR3933,B777,YYZ,2C,E29,01:48,01:48,06:18,06:18,360,None,0,459,3,8209,7252
CDG123,2024-03-17,EK,EK8267,A350,LHR,2E,C20,19:05,19:05,23:00,23:00,312,None,0,398,22,9296,7847
CDG124,2024-03-16,AF,AF4053,B737,PEK,2F,B26,19:26,19:26,02:05,02:05,134,None,0,180,12,11261,7294
CDG125,2024-03-20,KL,KL4127,B787,JFK,2B,D13,20:48,20:48,08:09,08:09,349,None,0,455,22,9904,4281
CDG126,2024-03-19,QR,QR1712,B777,NRT,2C,F23,03:16,05:36,16:33,18:53,415,ATC,140,569,21,8611,3843
CDG127,2024-03-16,EK,EK2576,B787,FRA,1,A05,12:38,13:56,21:26,22:44,338,Security,78,465,23,11588,4192
CDG128,2024-03-14,BA,BA7942,B737,JFK,2B,E26,20:13,20:21,03:48,03:56,132,Ground_Handling,8,171,11,8752,7106
CDG129,2024-03-15,VS,VS6171,B737,LHR,3,G06,12:39,12:39,21:01,21:01,171,None,0,211,22,10689,2152
CDG130,2024-03-15,BA,BA1315,A320,DOH,2D,E14,15:20,15:20,16:47,16:47,177,None,0,230,23,10863,1758
CDG131,2024-03-19,VS,VS1258,A330,DOH,2B,D26,08:52,10:36,17:52,19:36,508,ATC,104,707,7,8073,1371
CDG132,2024-03-17,VS,VS6057,B777,NRT,2D,C17,06:35,06:35,16:16,16:16,332,None,0,403,11,9444,5253
CDG133,2024-03-19,EK,EK2673,A350,DXB,2D,F16,00:18,00:18,04:00,04:00,339,None,0,461,19,11960,5968
CDG134,2024-03-20,EK,EK8969,A330,DXB,2D,D17,06:35,06:35,12:10,12:10,395,None,0,478,0,9993,2241
CDG135,2024-03-15,VS,VS3884,B787,FRA,2C,F11,14:16,14:16,16:00,16:00,289,None,0,366,19,11521,7885
CDG136,2024-03-20,VS,VS4538,B737,YYZ,2E,B10,23:17,23:17,07:04,07:04,176,None,0,220,4,9252,2825
CDG137,2024-03-17,AF,AF4751,A320,LHR,2F,F27,07:49,07:49,12:45,12:45,165,None,0,223,5,11884,4718
CDG138,2024-03-14,QR,QR8018,A350,NRT,1,A23,12:45,12:45,14:04,14:04,292,None,0,402,3,8334,2760
CDG139,2024-03-20,EK,EK7277,A330,LHR,2F,E16,17:19,17:19,04:44,04:44,466,None,0,611,6,8329,4849
CDG140,2024-03-20,BA,BA1758,B777,JFK,2C,C06,12:26,12:57,01:18,01:49,518,ATC,31,630,17,11096,2235
CDG141,2024-03-18,LH,LH9195,A350,FRA,2B,B01,19:57,21:19,04:48,06:10,279,Operational,82,346,16,11236,8422
CDG142,2024-03-18,EK,EK7766,A330,LAX,2B,F13,01:28,01:28,08:36,08:36,391,None,0,527,11,11398,4486
CDG143,2024-03-20,VS,VS6636,B737,LHR,2F,D18,09:57,09:57,18:49,18:49,174,None,0,214,0,8633,1741
CDG144,2024-03-16,LH,LH8291,B737,JFK,2A,D14,21:48,21:48,23:18,23:18,131,None,0,177,11,9881,6753
CDG145,2024-03-16,QR,QR5009,B737,PEK,2D,F18,05:01,05:01,08:24,08:24,178,None,0,235,2,9956,2050
CDG146,2024-03-17,LH,LH4362,A330,LHR,2A,B26,20:37,20:37,23:31,23:31,461,None,0,581,24,10408,2724
CDG147,2024-03-14,EK,EK9729,B787,PEK,2A,E12,08:10,10:12,16:26,18:28,290,Crew,122,351,14,9894,6997
CDG148,2024-03-15,EK,EK5848,A330,LHR,2A,E12,07:37,07:37,13:51,13:51,471,None,0,614,22,10817,5499
CDG149,2024-03-16,BA,BA5940,A330,FRA,2A,B28,19:38,19:38,07:19,07:19,358,None,0,436,15,11711,7115
CDG150,2024-03-20,AF,AF1213,B787,LHR,1,A02,04:45,04:45,08:37,08:37,327,None,0,420,13,9788,2051
CDG151,2024-03-16,BA,BA4407,A350,PEK,3,G19,19:34,19:34,02:14,02:14,338,None,0,437,16,11958,5866
CDG152,2024-03-14,EK,EK9923,B777,LHR,2F,E16,05:28,05:28,09:05,09:05,510,None,0,620,7,10181,2535
CDG153,2024-03-14,BA,BA6226,B737,DOH,3,G17,10:33,10:33,23:25,23:25,173,None,0,208,20,8346,2674
CDG154,2024-03-20,BA,BA7682,B777,FRA,2A,D01,16:50,16:50,19:29,19:29,519,None,0,660,11,8302,6761
CDG155,2024-03-16,KL,KL1680,B777,PEK,2F,C06,03:52,03:52,07:39,07:39,498,None,0,604,17,10251,1314
CDG156,2024-03-19,KL,KL8770,B787,DOH,2D,F03,12:15,12:15,21:49,21:49,342,None,0,469,3,10733,5109
CDG157,2024-03-16,LH,LH9067,B737,DOH,2D,C09,09:07,09:07,13:30,13:30,158,None,0,215,18,11351,6098
CDG158,2024-03-20,LH,LH9015,B737,AMS,3,G17,14:03,14:03,22:41,22:41,161,None,0,217,15,11418,3299
CDG159,2024-03-16,VS,VS7326,A320,FRA,2A,E15,05:14,05:14,09:36,09:36,169,None,0,216,18,11745,2511
CDG160,2024-03-14,VS,VS7732,B737,DOH,2A,F02,11:57,11:57,16:31,16:31,140,None,0,171,24,8523,5726
CDG161,2024-03-20,QR,QR8377,A350,LAX,1,A17,11:03,13:00,18:07,20:04,260,Technical,117,326,22,11618,2361
CDG162,2024-03-19,EK,EK4978,A350,PEK,2B,C15,03:35,04:55,10:03,11:23,294,Weather,80,404,14,8389,7077
CDG163,2024-03-17,EK,EK5744,A350,YYZ,2F,D02,06:49,06:49,11:31,11:31,310,None,0,377,22,9319,1325
CDG164,2024-03-15,VS,VS4494,A320,NRT,3,G13,16:55,16:55,00:13,00:13,135,None,0,170,16,9605,6389
CDG165,2024-03-19,BA,BA4915,A320,JFK,2B,B25,23:44,00:12,03:03,03:31,122,Security,28,150,18,8360,6253
CDG166,2024-03-16,AF,AF7661,B737,NRT,2C,E04,12:48,12:48,01:02,01:02,133,None,0,183,8,9913,1511
CDG167,2024-03-19,QR,QR1564,B787,DOH,2F,F27,00:18,00:18,12:26,12:26,267,None,0,345,16,8042,1724
CDG168,2024-03-14,LH,LH6993,B737,YYZ,2E,C13,16:38,16:38,19:48,19:48,155,None,0,207,19,8538,7152
CDG169,2024-03-20,VS,VS5782,B787,DOH,2E,F29,07:17,07:17,11:55,11:55,297,None,0,380,4,9989,5338
CDG170,2024-03-20,AC,AC7972,B737,AMS,1,A17,09:19,09:19,18:54,18:54,123,None,0,149,23,10116,4803
CDG171,2024-03-18,KL,KL7999,A330,YYZ,2E,B17,04:26,04:26,11:49,11:49,301,None,0,388,2,10448,6456
CDG172,2024-03-15,EK,EK2697,B787,PEK,2C,F20,20:44,20:44,04:16,04:16,324,None,0,425,15,10877,2880
CDG173,2024-03-17,BA,BA6113,B777,NRT,1,A08,05:29,05:29,14:59,14:59,469,None,0,622,5,8358,6315
CDG174,2024-03-18,VS,VS3309,B787,JFK,2D,B22,15:48,15:48,21:31,21:31,341,None,0,423,24,10876,3325
CDG175,2024-03-18,AF,AF1945,B777,JFK,2B,B20,20:55,20:55,05:58,05:58,333,None,0,409,17,10797,6268
CDG176,2024-03-19,KL,KL3687,B787,PEK,2B,F16,05:41,07:41,15:50,17:50,251,Weather,120,341,9,8439,4494
CDG177,2024-03-16,BA,BA4440,B737,LAX,2D,E26,18:01,18:01,00:17,00:17,177,None,0,224,6,11066,3605
CDG178,2024-03-19,LH,LH2371,A350,YYZ,2B,B28,00:08,00:08,10:48,10:48,262,None,0,356,18,10106,2871
CDG179,2024-03-16,BA,BA1959,B787,JFK,2B,E15,01:22,01:22,09:37,09:37,275,None,0,345,18,9650,4229
CDG180,2024-03-15,EK,EK4748,A330,AMS,2A,B02,02:21,03:49,14:15,15:43,310,Operational,88,419,0,9814,5198
CDG181,2024-03-19,AF,AF4830,B737,DOH,2F,D29,00:40,00:40,02:55,02:55,147,None,0,204,6,10692,6789
CDG182,2024-03-17,AF,AF5211,A330,PEK,2A,C08,18:01,18:01,20:04,20:04,494,None,0,664,21,8859,6936
CDG183,2024-03-18,AF,AF4168,A350,LHR,1,A04,10:16,10:16,13:33,13:33,269,None,0,324,6,11445,1262
CDG184,2024-03-15,AF,AF2820,B777,JFK,2A,C06,05:45,08:25,11:03,13:43,448,Security,160,544,18,11888,1549
CDG185,2024-03-17,AC,AC7688,A350,NRT,1,A26,17:07,17:07,04:02,04:02,337,None,0,458,22,9127,2621
CDG186,2024-03-18,VS,VS5320,A350,FRA,2C,C24,00:22,00:22,05:36,05:36,320,None,0,388,15,9477,3305
CDG187,2024-03-15,VS,VS1412,B737,LHR,2D,E25,14:26,14:26,02:49,02:49,168,None,0,201,22,11466,3892
CDG188,2024-03-15,LH,LH9369,A350,DOH,1,A19,04:30,05:28,12:28,13:26,320,Crew,58,421,10,9909,4865
CDG189,2024-03-19,KL,KL5882,B737,DOH,1,A30,12:16,13:37,19:51,21:12,157,Crew,81,199,10,9371,3981
CDG190,2024-03-15,LH,LH9535,A350,LAX,2B,B30,04:37,05:04,16:53,17:20,263,Technical,27,319,19,9274,7490
CDG191,2024-03-20,VS,VS4357,A320,DOH,2D,F10,17:33,17:33,20:18,20:18,128,None,0,158,19,9793,8276
CDG192,2024-03-17,QR,QR1872,A320,LAX,2A,B15,21:27,21:27,07:18,07:18,126,None,0,163,5,8541,7182
CDG193,2024-03-18,LH,LH2245,A330,FRA,2B,B12,08:20,08:20,17:57,17:57,458,None,0,621,14,11682,7466
CDG194,2024-03-17,EK,EK6213,B787,LAX,2F,F06,11:07,11:07,17:28,17:28,274,None,0,337,18,8007,8434
CDG195,2024-03-14,VS,VS5979,B777,LHR,2B,E09,15:47,18:31,20:21,23:05,344,Operational,164,443,21,11287,1379
CDG196,2024-03-18,LH,LH1177,A330,DOH,2B,C23,10:24,11:38,22:05,23:19,461,Weather,74,625,12,11539,2415
CDG197,2024-03-20,BA,BA7450,A330,DXB,2C,C05,03:57,06:08,09:34,11:45,498,ATC,131,634,21,10147,7203
CDG198,2024-03-20,AC,AC3044,B777,PEK,2F,B07,11:00,12:39,21:11,22:50,464,Technical,99,584,14,9924,7829
CDG199,2024-03-14,EK,EK9343,A320,LAX,2A,F10,07:03,08:56,21:47,23:40,179,Weather,113,227,3,9921,5931
CDG200,2024-03-20,EK,EK8399,B777,PEK,2A,D08,10:22,10:22,18:36,18:36,328,None,0,397,23,8981,6228
CDG201,2024-03-20,KL,KL5297,A350,DOH,2A,D05,10:26,12:40,23:25,01:39,321,Security,134,419,14,8213,6481
CDG202,2024-03-14,KL,KL2552,B777,DOH,2C,F25,10:36,10:36,17:38,17:38,485,None,0,641,11,8609,5234
CDG203,2024-03-18,LH,LH1239,A330,AMS,3,G03,07:18,07:18,14:58,14:58,380,None,0,512,20,8630,6664
CDG204,2024-03-17,AF,AF8677,A330,DOH,2E,C09,20:50,20:50,06:42,06:42,493,None,0,666,10,10495,5528
CDG205,2024-03-15,VS,VS4604,B777,LHR,2C,E25,12:12,14:03,17:06,18:57,436,Crew,111,578,15,9557,1850
CDG206,2024-03-17,KL,KL7128,A330,LAX,2D,F22,06:03,06:03,13:44,13:44,303,None,0,374,24,10146,3335
CDG207,2024-03-14,AF,AF6178,A330,JFK,2C,B29,14:52,14:52,03:45,03:45,374,None,0,482,17,10792,1925
CDG208,2024-03-20,VS,VS1643,B777,LHR,2C,D02,12:25,13:42,20:27,21:44,324,Operational,77,431,13,8026,6361
CDG209,2024-03-18,VS,VS9504,A320,AMS,3,G15,21:31,21:31,03:03,03:03,171,None,0,221,1,11225,5253
CDG210,2024-03-17,AF,AF1428,B777,LHR,3,G30,21:38,21:38,01:53,01:53,481,None,0,591,9,9867,1698
CDG211,2024-03-14,AC,AC3839,A320,LAX,3,G20,16:28,18:17,19:48,21:37,148,Security,109,204,6,10936,5594
CDG212,2024-03-18,EK,EK5840,A350,FRA,2C,B30,08:45,08:45,19:33,19:33,338,None,0,435,15,11196,7997
CDG213,2024-03-14,EK,EK1996,A330,LHR,2E,E14,23:26,23:26,08:40,08:40,461,None,0,627,7,10185,2512
CDG214,2024-03-17,AF,AF5179,B737,LHR,2D,C28,09:54,12:35,01:13,03:54,144,Crew,161,182,15,9778,1666
CDG215,2024-03-18,KL,KL9554,A350,DOH,2C,C14,10:07,10:07,16:44,16:44,291,None,0,369,23,10526,5394
CDG216,2024-03-15,VS,VS8719,A350,DOH,1,A22,23:39,01:58,08:46,11:05,280,Crew,139,347,22,9864,5672
CDG217,2024-03-14,AC,AC6712,B787,FRA,2A,C27,11:26,11:26,21:27,21:27,330,None,0,410,12,8139,5788
CDG218,2024-03-17,KL,KL8748,B777,JFK,2D,D23,21:26,21:26,06:12,06:12,318,None,0,404,19,10679,7785
CDG219,2024-03-20,AF,AF6249,A350,PEK,2C,F30,07:24,07:24,09:32,09:32,325,None,0,423,4,10383,6728
CDG220,2024-03-14,QR,QR2760,A320,JFK,2F,E04,20:20,20:30,03:48,03:58,131,ATC,10,165,13,8317,3660
CDG221,2024-03-18,QR,QR3352,B787,FRA,2C,F08,17:12,17:12,01:09,01:09,311,None,0,390,10,8693,7628
CDG222,2024-03-15,AC,AC4916,B737,PEK,2A,D12,11:00,11:00,23:37,23:37,177,None,0,244,19,9217,5410
CDG223,2024-03-19,AF,AF3532,B737,LAX,2C,B15,23:14,23:14,10:33,10:33,128,None,0,163,3,9531,4258
CDG224,2024-03-17,AC,AC2131,A330,LAX,2F,D24,00:31,00:31,07:05,07:05,466,None,0,581,24,11416,6662
CDG225,2024-03-19,VS,VS3097,B777,FRA,2B,D22,23:05,23:17,11:28,11:40,460,Crew,12,592,23,10826,1805
CDG226,2024-03-19,BA,BA1778,A320,FRA,2F,B11,05:27,05:27,12:13,12:13,155,None,0,205,7,10696,6815
CDG227,2024-03-15,LH,LH9923,A320,LAX,2F,C22,13:20,14:39,23:07,00:26,150,Security,79,184,19,11766,5281
CDG228,2024-03-19,LH,LH7064,A350,FRA,2C,B30,22:12,22:12,00:51,00:51,332,None,0,423,24,9627,3771
CDG229,2024-03-16,VS,VS3976,B787,LAX,2F,F05,14:51,14:51,01:40,01:40,311,None,0,409,15,10849,7329
CDG230,2024-03-16,VS,VS7771,B777,JFK,2A,F04,22:19,22:19,02:03,02:03,470,None,0,644,22,11372,6992
CDG231,2024-03-19,EK,EK4444,B777,YYZ,2B,C16,05:49,05:49,12:37,12:37,389,None,0,471,6,9497,6007
CDG232,2024-03-16,BA,BA7477,B787,NRT,2C,E08,16:36,16:36,00:54,00:54,326,None,0,401,20,11669,2938
CDG233,2024-03-19,AC,AC2761,A320,AMS,2C,C10,00:19,00:19,11:44,11:44,171,None,0,205,21,11594,1723
CDG234,2024-03-19,QR,QR9273,B777,JFK,2D,E03,20:09,20:09,03:07,03:07,302,None,0,402,14,10392,6000
CDG235,2024-03-16,AF,AF4210,B737,FRA,2E,B04,08:41,08:57,11:22,11:38,170,Security,16,236,2,8100,5715
CDG236,2024-03-17,AC,AC8756,B787,JFK,2A,F21,06:19,06:19,07:43,07:43,266,None,0,334,14,9302,6700
CDG237,2024-03-15,EK,EK5891,A350,JFK,2A,C10,04:20,05:53,11:48,13:21,349,Security,93,426,22,11327,1611
CDG238,2024-03-20,QR,QR7490,A330,DXB,2F,F07,20:42,23:38,06:51,09:47,379,Weather,176,470,24,11473,7905
CDG239,2024-03-16,KL,KL2621,B737,JFK,2D,F06,12:16,12:16,21:59,21:59,130,None,0,162,4,8442,8245
CDG240,2024-03-18,KL,KL3427,A320,FRA,1,A20,13:17,13:17,20:32,20:32,131,None,0,167,20,11071,6988
CDG241,2024-03-19,VS,VS3069,B787,DOH,2A,D28,02:14,02:14,04:38,04:38,339,None,0,466,2,8394,4572
CDG242,2024-03-19,VS,VS7699,A330,LAX,2E,D18,14:31,16:11,21:27,23:07,481,Security,100,619,17,9398,2805
CDG243,2024-03-18,AF,AF8892,B777,AMS,2D,E25,06:53,07:51,12:00,12:58,389,Security,58,535,14,9917,6215
CDG244,2024-03-19,QR,QR4061,A320,AMS,2D,F04,17:58,17:58,21:21,21:21,160,None,0,205,15,8589,2692
CDG245,2024-03-20,AC,AC1566,A320,LHR,1,A29,21:26,21:26,07:01,07:01,132,None,0,174,11,8213,5240
CDG246,2024-03-19,KL,KL6649,B777,AMS,2F,C02,16:26,16:26,00:05,00:05,300,None,0,382,7,8959,1867
CDG247,2024-03-20,AF,AF5436,A350,NRT,2F,D19,15:29,15:29,19:18,19:18,307,None,0,396,6,9549,4141
CDG248,2024-03-19,BA,BA9389,A330,LAX,2B,B07,15:17,15:17,22:04,22:04,324,None,0,421,1,10575,1210
CDG249,2024-03-19,LH,LH2020,A320,DOH,3,G06,21:24,21:24,22:57,22:57,173,None,0,238,1,9919,1323
CDG250,2024-03-18,AF,AF5244,A350,AMS,2F,E30,05:29,06:49,14:10,15:30,295,Ground_Handling,80,411,13,11195,4071
CDG251,2024-03-17,QR,QR6434,B787,NRT,2A,B13,21:45,23:20,12:01,13:36,264,Operational,95,356,22,10488,8198
CDG252,2024-03-14,KL,KL8347,B777,NRT,2B,D10,08:16,11:06,14:33,17:23,360,Security,170,465,24,11254,4192
CDG253,2024-03-14,BA,BA4817,B737,PEK,3,G14,01:33,02:55,08:26,09:48,137,Weather,82,169,17,8193,4143
CDG254,2024-03-19,AC,AC5276,B737,YYZ,2F,B27,11:26,11:26,12:29,12:29,135,None,0,186,23,10744,6028
CDG255,2024-03-16,BA,BA5195,A330,JFK,2D,C22,07:22,07:22,13:22,13:22,423,None,0,527,4,11379,8468
CDG256,2024-03-16,QR,QR7891,B777,PEK,3,G18,16:25,19:00,05:39,08:14,510,Ground_Handling,155,689,7,9334,3278
CDG257,2024-03-19,LH,LH9042,A320,JFK,2E,B01,10:45,10:45,11:49,11:49,154,None,0,199,13,10444,7933
CDG258,2024-03-14,QR,QR3883,A320,LAX,1,A03,15:01,16:41,02:24,04:04,122,ATC,100,146,3,8053,2381
CDG259,2024-03-16,KL,KL4005,A320,JFK,2C,C01,23:02,23:39,02:47,03:24,154,Operational,37,207,1,8651,6776
CDG260,2024-03-19,EK,EK4022,A320,JFK,2D,B17,01:31,01:31,06:21,06:21,165,None,0,204,10,8910,8439
CDG261,2024-03-18,VS,VS6664,B777,NRT,2C,E08,20:43,20:43,08:37,08:37,318,None,0,395,13,8132,1287
CDG262,2024-03-18,QR,QR1244,B777,DXB,2A,B18,12:51,12:51,15:24,15:24,420,None,0,530,14,11629,8195
CDG263,2024-03-16,BA,BA6429,A320,NRT,2B,E13,13:37,14:39,17:49,18:51,137,Crew,62,172,23,10519,5475
CDG264,2024-03-14,EK,EK7477,A350,JFK,2F,B27,06:52,06:52,16:39,16:39,298,None,0,383,22,9443,7380
CDG265,2024-03-14,LH,LH1672,A320,DOH,2E,E18,21:00,23:29,01:55,04:24,148,Security,149,185,7,11977,4806
CDG266,2024-03-14,VS,VS5738,B787,DXB,2D,B10,19:59,21:35,00:23,01:59,310,Technical,96,416,18,9760,3316
CDG267,2024-03-19,KL,KL1802,B737,JFK,2A,F17,08:32,08:32,11:32,11:32,176,None,0,227,20,9846,1255
CDG268,2024-03-18,AC,AC9230,B737,DXB,2D,E17,05:53,06:19,16:27,16:53,160,Crew,26,201,16,11179,5513
CDG269,2024-03-19,BA,BA8902,A330,LAX,2A,F21,12:25,12:25,21:57,21:57,492,None,0,635,19,11916,7247
CDG270,2024-03-15,LH,LH3301,A350,LAX,2A,E01,14:45,14:45,21:15,21:15,320,None,0,412,17,8789,1452
CDG271,2024-03-15,LH,LH4343,B777,LAX,2A,E18,01:17,02:50,07:36,09:09,492,Operational,93,658,14,10641,7491
CDG272,2024-03-16,QR,QR6754,A350,YYZ,2C,E24,09:56,12:09,00:22,02:35,286,Weather,133,363,9,9915,1911
CDG273,2024-03-16,AC,AC7318,B737,DXB,2B,E29,00:26,00:26,03:10,03:10,153,None,0,191,4,10533,6102
CDG274,2024-03-14,BA,BA4194,A320,LHR,2A,B23,06:24,06:25,19:17,19:18,163,Security,1,208,8,10074,3358
CDG275,2024-03-15,BA,BA5260,A320,YYZ,2A,B15,06:28,06:28,18:38,18:38,176,None,0,218,5,8403,8239
CDG276,2024-03-20,VS,VS2536,B737,YYZ,2D,D17,19:43,19:43,05:36,05:36,167,None,0,223,17,11615,8060
CDG277,2024-03-17,LH,LH9404,A330,YYZ,3,G05,00:30,00:30,05:59,05:59,339,None,0,432,0,11995,1860
CDG278,2024-03-14,QR,QR7590,B777,JFK,2C,C22,13:47,15:44,01:19,03:16,380,ATC,117,459,16,8182,6571
CDG279,2024-03-18,KL,KL7338,B777,DXB,2A,C30,21:31,21:31,23:43,23:43,487,None,0,676,3,8972,7111
CDG280,2024-03-15,LH,LH9601,A320,DOH,2E,D08,20:46,23:43,10:53,13:50,121,Technical,177,151,8,11285,8450
CDG281,2024-03-14,LH,LH6244,B787,LAX,2F,D28,02:30,02:30,11:46,11:46,287,None,0,353,6,10593,3601
CDG282,2024-03-16,KL,KL5361,A350,LHR,2C,E16,09:03,09:03,11:45,11:45,320,None,0,440,14,11174,6470
CDG283,2024-03-20,QR,QR2828,B777,PEK,2F,C14,15:57,15:57,04:14,04:14,495,None,0,643,9,10186,6178
CDG284,2024-03-14,BA,BA4644,B787,LAX,2F,C07,01:49,01:49,11:21,11:21,313,None,0,430,3,9104,3905
CDG285,2024-03-14,BA,BA3717,A330,AMS,2E,E02,07:12,10:09,18:44,21:41,506,ATC,177,650,5,11224,3797
CDG286,2024-03-19,AF,AF1469,B787,LHR,3,G15,11:36,12:14,22:52,23:30,282,Crew,38,341,19,8241,7709
CDG287,2024-03-14,VS,VS5796,B787,LAX,1,A30,11:19,11:19,19:25,19:25,314,None,0,408,10,8576,1924
CDG288,2024-03-16,KL,KL3064,A350,NRT,2B,F05,01:59,01:59,05:35,05:35,278,None,0,371,16,8996,2621
CDG289,2024-03-16,QR,QR2625,A350,PEK,2B,B11,09:45,09:45,21:26,21:26,277,None,0,372,13,8843,5652
CDG290,2024-03-17,BA,BA8273,A320,YYZ,2D,C15,12:24,14:47,01:33,03:56,131,Technical,143,159,1,9771,2900
CDG291,2024-03-14,QR,QR2165,B737,NRT,2B,B02,04:25,04:25,06:18,06:18,163,None,0,199,24,11732,8010
CDG292,2024-03-17,EK,EK6159,B777,LHR,3,G11,11:39,13:30,19:41,21:32,334,Technical,111,426,8,10217,5689
CDG293,2024-03-18,KL,KL7524,A330,DOH,2B,C08,00:55,03:34,10:32,13:11,312,ATC,159,383,8,8994,1543
CDG294,2024-03-15,LH,LH8333,A320,LHR,2E,B06,19:54,19:54,23:00,23:00,166,None,0,200,12,9595,5851
CDG295,2024-03-17,VS,VS3333,A330,PEK,3,G21,18:46,18:46,01:07,01:07,489,None,0,673,7,11941,4976
CDG296,2024-03-19,AF,AF8017,A330,YYZ,2E,B25,06:19,06:19,18:02,18:02,357,None,0,430,17,10358,5638
CDG297,2024-03-19,BA,BA1961,B777,NRT,2E,F12,22:27,23:33,10:30,11:36,340,Security,66,428,21,9604,8288
CDG298,2024-03-15,KL,KL9525,B737,PEK,1,A27,17:07,19:13,01:22,03:28,149,Weather,126,201,19,10936,4653
CDG299,2024-03-14,AC,AC5888,B737,LAX,2E,F19,19:09,19:09,07:44,07:44,166,None,0,200,5,11858,3550
CDG300,2024-03-19,LH,LH1294,A330,AMS,2C,D05,04:39,04:39,16:43,16:43,486,None,0,596,13,8620,3080
CDG301,2024-03-15,AF,AF7099,B777,YYZ,2D,F16,14:50,14:50,00:01,00:01,396,None,0,485,0,8311,1844
CDG302,2024-03-18,AF,AF8306,B737,LAX,2A,E16,23:36,23:36,10:09,10:09,121,None,0,162,14,10153,5567
CDG303,2024-03-19,LH,LH5393,A330,PEK,2A,E06,18:30,20:39,07:35,09:44,486,Security,129,651,4,8860,4474
CDG304,2024-03-18,LH,LH5022,B777,JFK,2B,E13,09:07,10:34,20:29,21:56,332,Security,87,402,8,9835,5862
CDG305,2024-03-16,KL,KL1338,A330,YYZ,3,G22,15:35,15:35,21:51,21:51,415,None,0,559,24,8073,1537
CDG306,2024-03-18,LH,LH2984,A330,LAX,2F,C12,06:51,06:51,18:24,18:24,509,None,0,657,4,10836,7087
CDG307,2024-03-17,BA,BA8005,A330,LAX,1,A23,11:37,11:37,19:08,19:08,324,None,0,393,3,11700,5397
CDG308,2024-03-20,BA,BA9144,B787,DOH,3,G10,01:09,01:09,13:45,13:45,275,None,0,361,18,11958,2563
CDG309,2024-03-17,QR,QR4724,A350,NRT,3,G12,05:15,05:15,08:08,08:08,287,None,0,398,15,9968,8129
CDG310,2024-03-19,BA,BA2671,B737,DXB,2D,E26,08:01,08:01,15:57,15:57,129,None,0,166,21,9700,4737
CDG311,2024-03-17,BA,BA4786,B737,YYZ,2F,C18,02:44,02:44,12:08,12:08,166,None,0,218,1,10844,3932
CDG312,2024-03-16,LH,LH4797,A320,YYZ,1,A17,15:13,15:13,18:24,18:24,144,None,0,197,21,8156,3781
CDG313,2024-03-20,EK,EK3278,A320,JFK,2D,F02,05:45,06:23,08:33,09:11,158,Weather,38,216,20,10353,8151
CDG314,2024-03-17,EK,EK6323,B787,LHR,2B,C28,06:30,06:30,10:09,10:09,272,None,0,326,23,9442,8076
CDG315,2024-03-17,BA,BA2077,B777,PEK,3,G02,01:39,01:39,06:39,06:39,402,None,0,529,3,8426,7278
CDG316,2024-03-17,LH,LH2377,B777,DXB,1,A25,15:18,15:18,19:45,19:45,389,None,0,485,12,9016,1544
CDG317,2024-03-16,QR,QR8540,B737,AMS,2A,E22,10:03,10:47,16:29,17:13,121,Ground_Handling,44,159,4,9292,3283
CDG318,2024-03-20,EK,EK4565,B787,DOH,2C,D04,17:22,17:22,20:27,20:27,339,None,0,441,17,11803,4678
CDG319,2024-03-19,EK,EK1451,A320,DXB,3,G20,05:47,05:47,12:59,12:59,136,None,0,178,10,10593,6457
CDG320,2024-03-20,BA,BA8448,B787,DXB,2B,C02,07:44,07:44,12:32,12:32,339,None,0,416,20,10043,7431
CDG321,2024-03-15,LH,LH7080,A330,NRT,2F,E22,10:46,10:46,22:13,22:13,325,None,0,447,3,10663,7784
CDG322,2024-03-20,VS,VS9285,A320,AMS,1,A20,01:02,01:02,10:28,10:28,125,None,0,151,24,11598,4510
CDG323,2024-03-19,BA,BA5341,B787,DXB,3,G01,03:49,03:49,11:15,11:15,308,None,0,427,8,8542,6498
CDG324,2024-03-17,VS,VS6974,B737,AMS,2B,B15,21:16,21:16,00:32,00:32,128,None,0,166,16,11437,8123
CDG325,2024-03-18,AF,AF7790,B777,LAX,3,G02,23:25,23:25,11:07,11:07,406,None,0,496,0,9970,6848
CDG326,2024-03-14,AF,AF7585,A320,YYZ,2F,D13,16:06,16:06,01:35,01:35,142,None,0,180,18,11523,6698
CDG327,2024-03-20,AF,AF4124,A330,DOH,2D,B17,12:19,12:19,17:22,17:22,366,None,0,475,11,9339,5963
CDG328,2024-03-15,VS,VS3680,A330,LAX,2C,B26,20:44,20:50,03:23,03:29,382,Crew,6,465,8,10364,6920
CDG329,2024-03-18,VS,VS9883,A320,DXB,2A,F09,00:33,03:25,10:49,13:41,122,Security,172,147,13,10028,2445
CDG330,2024-03-18,VS,VS2304,A330,NRT,2C,B22,15:39,15:39,23:46,23:46,303,None,0,379,15,8822,4691
CDG331,2024-03-18,QR,QR2883,B777,NRT,2A,F28,12:27,12:27,23:06,23:06,439,None,0,591,12,10754,3582
CDG332,2024-03-18,AC,AC2855,B737,PEK,2D,B10,10:28,10:28,22:32,22:32,146,None,0,191,24,8189,2177
CDG333,2024-03-14,AC,AC4677,B777,DOH,2B,B26,03:44,03:44,12:03,12:03,415,None,0,531,14,8650,7533
CDG334,2024-03-20,EK,EK2125,B787,DOH,2D,C25,11:57,11:57,23:04,23:04,283,None,0,387,0,10036,6070
CDG335,2024-03-20,QR,QR7571,A350,AMS,2D,D17,16:06,16:06,04:11,04:11,340,None,0,431,14,10111,7405
CDG336,2024-03-18,KL,KL8861,A320,PEK,3,G24,05:22,05:51,13:06,13:35,141,ATC,29,188,11,8150,7500
CDG337,2024-03-18,LH,LH1142,A330,YYZ,1,A16,12:26,12:26,20:21,20:21,367,None,0,509,9,9047,4948
CDG338,2024-03-17,LH,LH2326,B737,NRT,2F,C05,18:36,19:51,00:44,01:59,138,Technical,75,165,21,9790,8182
CDG339,2024-03-18,VS,VS8914,A330,LHR,2E,B27,23:48,23:48,10:58,10:58,371,None,0,479,19,11258,3074
CDG340,2024-03-20,LH,LH2767,B777,JFK,2C,D03,12:35,12:35,20:42,20:42,329,None,0,430,23,10123,5268
CDG341,2024-03-15,VS,VS9628,A320,AMS,2D,C06,08:14,08:14,10:57,10:57,150,None,0,187,22,10039,6203
CDG342,2024-03-15,AC,AC9975,B777,NRT,2D,F17,19:35,19:35,05:01,05:01,455,None,0,625,9,9232,2027
CDG343,2024-03-14,VS,VS8650,A350,DOH,2F,C08,00:07,00:07,02:19,02:19,336,None,0,446,22,11488,4541
CDG344,2024-03-16,AC,AC6181,A320,DXB,2B,D26,22:38,22:38,07:52,07:52,120,None,0,166,11,11481,4120
CDG345,2024-03-15,EK,EK7536,A320,DXB,2F,F02,03:14,04:23,15:39,16:48,164,Ground_Handling,69,204,15,8792,7093
CDG346,2024-03-16,QR,QR5200,A330,PEK,2C,E08,08:56,10:10,15:08,16:22,475,Weather,74,651,22,8854,3861
CDG347,2024-03-14,KL,KL5089,B777,DOH,2B,B24,07:10,07:10,10:07,10:07,484,None,0,616,20,8209,3564
CDG348,2024-03-18,QR,QR8124,A320,PEK,3,G05,02:49,02:49,14:59,14:59,126,None,0,163,5,9337,3639
CDG349,2024-03-18,AC,AC9231,A330,LHR,2D,D12,12:20,12:20,22:21,22:21,354,None,0,486,0,9943,7018
CDG350,2024-03-18,LH,LH3083,B787,LAX,2A,D26,16:20,16:20,01:24,01:24,332,None,0,460,14,9465,5938
CDG351,2024-03-18,QR,QR8211,A320,FRA,2B,C17,15:46,16:16,01:37,02:07,160,Weather,30,213,17,11978,3884
CDG352,2024-03-20,QR,QR3690,B777,FRA,2C,B27,07:14,07:14,20:04,20:04,307,None,0,380,21,9659,5277
CDG353,2024-03-14,KL,KL3196,A320,FRA,2C,B29,07:17,09:52,14:40,17:15,144,Technical,155,185,3,10871,6781
CDG354,2024-03-17,QR,QR3964,B777,DXB,3,G01,16:56,16:56,19:26,19:26,429,None,0,592,9,9136,5978
CDG355,2024-03-20,EK,EK1833,A350,DOH,2A,F23,00:20,00:20,08:53,08:53,336,None,0,411,0,11867,1352
CDG356,2024-03-18,QR,QR2260,B787,FRA,2F,E26,15:30,18:22,05:49,08:41,300,Operational,172,373,9,10850,5069
CDG357,2024-03-18,LH,LH8614,B777,PEK,2A,D18,04:29,04:29,16:39,16:39,336,None,0,422,7,9706,7437
CDG358,2024-03-19,AC,AC6422,A350,FRA,3,G12,15:16,15:16,23:18,23:18,294,None,0,360,20,10485,7023
CDG359,2024-03-18,AC,AC7783,A320,FRA,2D,C20,19:49,19:49,07:34,07:34,136,None,0,173,11,11968,5291
CDG360,2024-03-19,BA,BA2882,B777,PEK,2C,B25,06:18,06:18,14:35,14:35,404,None,0,544,1,9405,3120
CDG361,2024-03-20,LH,LH8964,A330,LAX,2E,D07,16:58,16:58,02:05,02:05,385,None,0,520,20,9266,3693
CDG362,2024-03-18,VS,VS2331,B737,DOH,3,G06,05:50,05:50,16:04,16:04,147,None,0,198,4,8836,4823
CDG363,2024-03-20,QR,QR7974,B737,PEK,2C,D09,11:44,11:44,21:27,21:27,135,None,0,167,19,11805,1309
CDG364,2024-03-19,LH,LH2597,A350,LAX,2B,C14,21:53,23:37,07:40,09:24,288,ATC,104,377,18,8455,6227
CDG365,2024-03-15,QR,QR6140,A330,DOH,2E,E14,01:19,03:35,07:25,09:41,414,Crew,136,529,21,9307,5083
CDG366,2024-03-15,AF,AF5950,B777,NRT,2B,D18,07:44,07:44,15:59,15:59,460,None,0,561,5,8042,5851
CDG367,2024-03-14,AC,AC5139,A350,FRA,2B,F10,02:16,02:16,03:19,03:19,280,None,0,353,18,11213,8106
CDG368,2024-03-14,BA,BA3212,A350,DXB,2B,C12,09:16,10:17,16:41,17:42,276,Ground_Handling,61,334,22,8230,3851
CDG369,2024-03-18,EK,EK2838,A350,YYZ,1,A04,18:14,18:14,05:33,05:33,323,None,0,447,16,10285,3439
CDG370,2024-03-14,AF,AF8559,A350,LAX,2F,C21,18:35,18:35,06:37,06:37,287,None,0,360,14,10862,4302
CDG371,2024-03-17,EK,EK9777,A330,JFK,2F,E16,12:09,14:55,16:57,19:43,517,Ground_Handling,166,647,18,11166,7090
CDG372,2024-03-15,LH,LH5967,B787,PEK,2A,C10,21:46,21:46,03:59,03:59,313,None,0,378,6,11724,1970
CDG373,2024-03-16,QR,QR8314,B777,JFK,1,A26,23:28,23:28,12:17,12:17,460,None,0,599,2,11296,4334
CDG374,2024-03-18,BA,BA5749,B737,NRT,3,G01,22:00,22:00,04:08,04:08,134,None,0,185,21,10976,7426
CDG375,2024-03-20,LH,LH9513,A330,YYZ,1,A02,08:12,08:12,09:56,09:56,302,None,0,409,5,9050,6932
CDG376,2024-03-20,AF,AF7687,A330,LAX,1,A26,22:27,22:27,01:26,01:26,303,None,0,390,17,8789,1616
CDG377,2024-03-19,LH,LH2396,A350,FRA,2C,F22,12:47,13:34,19:33,20:20,286,Crew,47,385,15,9895,5000
CDG378,2024-03-20,KL,KL2651,B787,AMS,2D,F19,14:40,14:40,18:17,18:17,335,None,0,410,10,10005,2153
CDG379,2024-03-19,BA,BA7795,B737,DOH,3,G25,04:28,05:55,18:01,19:28,168,Ground_Handling,87,229,23,9483,4919
CDG380,2024-03-18,AC,AC3319,B777,NRT,3,G24,09:45,09:45,21:32,21:32,386,None,0,528,1,11153,5666
CDG381,2024-03-20,LH,LH2917,A320,JFK,3,G21,13:08,14:35,19:04,20:31,135,Crew,87,184,6,8322,1838
CDG382,2024-03-14,KL,KL2356,A320,LHR,1,A08,17:41,17:41,20:29,20:29,161,None,0,203,18,10908,4962
CDG383,2024-03-19,LH,LH7750,A350,JFK,2A,D03,12:18,14:15,20:40,22:37,288,Technical,117,352,14,10213,4343
CDG384,2024-03-15,AC,AC8874,B777,LAX,2A,F23,03:28,03:28,12:59,12:59,345,None,0,463,15,10324,4150
CDG385,2024-03-20,VS,VS6571,A330,DXB,2C,D27,13:00,14:43,22:38,00:21,409,Weather,103,540,10,11885,7782
CDG386,2024-03-19,EK,EK5839,B737,DXB,2F,B16,05:22,05:22,09:30,09:30,158,None,0,201,24,11052,4040
CDG387,2024-03-19,QR,QR5307,B737,DXB,2C,D04,19:19,19:19,21:09,21:09,163,None,0,199,13,8104,4976
CDG388,2024-03-18,VS,VS6772,B737,NRT,2D,C16,10:34,12:46,15:22,17:34,140,Operational,132,192,24,8633,7052
CDG389,2024-03-20,LH,LH6101,B737,DXB,2F,D13,12:46,12:46,14:59,14:59,147,None,0,179,9,8966,5273
CDG390,2024-03-18,LH,LH3850,A350,NRT,2B,F21,07:43,07:43,10:02,10:02,315,None,0,388,1,10332,1479
CDG391,2024-03-14,EK,EK2061,A320,DXB,2A,D04,05:48,06:53,11:00,12:05,121,Operational,65,147,22,8316,4504
CDG392,2024-03-14,EK,EK8829,B777,JFK,2A,F04,22:44,22:44,11:22,11:22,428,None,0,562,16,11994,1716
CDG393,2024-03-14,QR,QR9429,B777,LHR,3,G24,11:52,11:52,14:57,14:57,396,None,0,514,15,8558,3047
CDG394,2024-03-16,VS,VS6111,A330,JFK,2C,D19,14:35,16:01,00:15,01:41,369,ATC,86,462,10,8696,3675
CDG395,2024-03-14,AC,AC9127,A330,PEK,2C,D16,17:43,19:35,00:59,02:51,369,ATC,112,515,5,11894,1330
CDG396,2024-03-17,KL,KL5235,A330,LAX,2D,D30,22:11,22:42,09:19,09:50,429,Ground_Handling,31,565,9,10292,3499
CDG397,2024-03-16,LH,LH4631,B777,PEK,2B,D08,04:23,04:23,16:05,16:05,372,None,0,479,8,9113,7257
CDG398,2024-03-15,AC,AC4575,B787,DOH,2E,E08,05:41,06:53,18:34,19:46,258,Security,72,359,10,11276,7214
CDG399,2024-03-19,VS,VS8703,A350,PEK,2C,F15,07:09,08:36,13:28,14:55,260,Crew,87,345,2,8103,4929
CDG400,2024-03-15,AF,AF5862,B737,YYZ,2D,C07,14:27,14:27,16:09,16:09,145,None,0,190,19,9128,1933
CDG401,2024-03-15,BA,BA4064,A330,DXB,3,G20,00:41,02:53,11:47,13:59,356,Ground_Handling,132,439,19,11023,2246
CDG402,2024-03-20,EK,EK5503,A330,DXB,2D,F05,12:53,12:53,01:29,01:29,491,None,0,622,10,8495,2694
CDG403,2024-03-17,VS,VS3199,A350,NRT,2A,B28,19:23,19:23,03:36,03:36,261,None,0,334,12,9630,2020
CDG404,2024-03-18,KL,KL4643,B737,PEK,2D,B24,16:17,16:17,22:35,22:35,150,None,0,199,12,10696,1693
CDG405,2024-03-17,EK,EK1665,A320,JFK,2A,B24,03:25,03:34,13:24,13:33,125,ATC,9,152,8,10852,4451
CDG406,2024-03-18,AF,AF5429,B787,DOH,2B,D26,00:19,02:57,12:22,15:00,318,Technical,158,406,10,10986,3651
CDG407,2024-03-20,LH,LH7860,A350,JFK,1,A23,02:09,03:36,10:23,11:50,296,Ground_Handling,87,370,11,9736,3288
CDG408,2024-03-19,AC,AC5248,A320,LHR,2F,C14,09:03,09:03,17:00,17:00,165,None,0,199,14,8769,5733
CDG409,2024-03-15,AF,AF3216,A320,DOH,1,A25,21:38,21:38,02:57,02:57,146,None,0,203,15,8392,3675
CDG410,2024-03-15,EK,EK2604,B737,FRA,3,G24,01:01,01:01,13:37,13:37,138,None,0,192,20,9368,3842
CDG411,2024-03-20,BA,BA3654,A320,LAX,1,A24,02:20,02:20,05:19,05:19,162,None,0,202,20,11120,4080
CDG412,2024-03-18,EK,EK2753,A320,JFK,1,A17,15:39,15:39,23:32,23:32,176,None,0,222,12,11483,7359
CDG413,2024-03-14,QR,QR4056,B777,LAX,1,A18,08:10,09:32,21:08,22:30,441,Technical,82,566,17,9405,5202
CDG414,2024-03-16,BA,BA4541,A350,AMS,2A,B02,07:52,10:09,15:00,17:17,268,Crew,137,374,8,11894,4639
CDG415,2024-03-15,EK,EK3012,A320,DOH,2E,E03,23:34,01:42,13:17,15:25,139,Ground_Handling,128,182,20,10528,6144
CDG416,2024-03-18,AC,AC7873,A320,JFK,2F,B10,12:52,12:52,23:43,23:43,132,None,0,184,20,10590,6298
CDG417,2024-03-19,BA,BA2097,B787,AMS,2C,E20,02:54,02:54,06:45,06:45,303,None,0,372,22,8008,1732
CDG418,2024-03-19,BA,BA8523,B787,FRA,2F,E05,07:59,07:59,14:57,14:57,317,None,0,434,1,11879,1887
CDG419,2024-03-18,AC,AC2262,A330,DOH,1,A21,16:12,16:12,04:43,04:43,366,None,0,506,14,11347,3843
CDG420,2024-03-15,LH,LH3259,A330,YYZ,2C,C07,20:20,20:20,22:05,22:05,441,None,0,592,10,8216,4518
CDG421,2024-03-16,VS,VS1115,B737,FRA,3,G16,06:17,06:17,11:37,11:37,172,None,0,219,13,8298,7425
CDG422,2024-03-19,AC,AC7078,B777,LHR,2B,E25,22:27,22:27,02:03,02:03,349,None,0,477,17,10884,2934
CDG423,2024-03-15,EK,EK5160,B737,YYZ,2F,F12,18:34,18:34,21:00,21:00,138,None,0,167,2,10516,1276
CDG424,2024-03-17,KL,KL5325,B777,NRT,1,A24,02:46,04:07,13:45,15:06,351,Operational,81,468,17,10074,6582
CDG425,2024-03-14,KL,KL8397,A320,NRT,2F,C11,23:01,23:01,07:48,07:48,166,None,0,210,11,8615,2028
CDG426,2024-03-15,BA,BA6436,A330,JFK,3,G11,04:30,06:33,08:14,10:17,442,ATC,123,548,9,8455,8418
CDG427,2024-03-15,QR,QR2755,B787,AMS,2D,D09,17:05,19:03,21:28,23:26,266,Security,118,343,11,10702,2427
CDG428,2024-03-16,KL,KL9945,A320,AMS,2A,E05,13:21,13:21,16:14,16:14,124,None,0,154,20,10533,3219
CDG429,2024-03-15,AF,AF6966,A320,DXB,2B,D30,00:09,00:09,01:11,01:11,167,None,0,209,7,8294,8275
CDG430,2024-03-14,EK,EK5729,A320,YYZ,2D,B01,02:55,02:55,08:52,08:52,155,None,0,195,1,8648,7194
CDG431,2024-03-15,EK,EK6524,B737,DOH,2E,B10,20:31,20:31,07:02,07:02,138,None,0,180,18,8645,5223
CDG432,2024-03-17,VS,VS2308,B787,NRT,2A,D15,09:10,09:10,18:26,18:26,296,None,0,400,20,10872,3398
CDG433,2024-03-18,AF,AF3023,A320,NRT,3,G13,22:15,23:51,10:59,12:35,176,Operational,96,214,8,9359,3650
CDG434,2024-03-20,AC,AC3106,B737,PEK,2D,E11,04:44,04:44,13:35,13:35,135,None,0,162,24,11861,1339
CDG435,2024-03-15,BA,BA2450,B737,LHR,2E,F21,12:39,12:39,22:47,22:47,174,None,0,231,11,9019,6704
CDG436,2024-03-16,VS,VS9508,B777,LHR,2A,B05,15:30,15:30,02:37,02:37,465,None,0,580,22,11656,3414
CDG437,2024-03-16,AF,AF9225,B777,DXB,2F,B03,23:45,00:20,01:45,02:20,394,Security,35,540,1,10597,6411
CDG438,2024-03-17,AC,AC4203,A330,FRA,2B,F24,12:52,14:36,03:20,05:04,425,Technical,104,550,11,11661,8329
CDG439,2024-03-15,EK,EK7944,B777,LAX,1,A01,18:19,18:19,04:58,04:58,437,None,0,541,18,10982,2005
CDG440,2024-03-18,AF,AF4605,A320,NRT,2F,B03,01:21,01:21,10:35,10:35,170,None,0,232,10,9861,2525
CDG441,2024-03-16,AF,AF2164,B777,JFK,2A,B29,10:25,10:25,21:47,21:47,338,None,0,439,13,9554,8108
CDG442,2024-03-16,LH,LH9564,A350,JFK,2D,C30,10:11,10:11,15:55,15:55,340,None,0,458,23,9707,4801
CDG443,2024-03-18,VS,VS1480,B737,YYZ,2C,C21,06:24,06:49,11:21,11:46,128,ATC,25,175,4,8179,5689
CDG444,2024-03-19,QR,QR8288,B777,JFK,2F,D10,22:04,00:58,06:29,09:23,388,Technical,174,487,11,8446,7014
CDG445,2024-03-15,QR,QR3758,A320,YYZ,3,G07,10:10,10:10,20:08,20:08,125,None,0,154,13,10805,7398
CDG446,2024-03-14,VS,VS8588,B787,YYZ,2B,D23,23:25,23:25,07:24,07:24,276,None,0,382,23,9643,3984
CDG447,2024-03-18,AC,AC4455,B787,AMS,3,G25,01:08,01:08,10:21,10:21,258,None,0,330,2,10667,2859
CDG448,2024-03-20,BA,BA6006,B737,YYZ,2A,D01,14:35,14:35,22:46,22:46,160,None,0,193,6,10250,5418
CDG449,2024-03-19,AC,AC5873,B737,LAX,2D,D25,18:31,18:31,01:33,01:33,174,None,0,224,20,11890,6477
CDG450,2024-03-16,BA,BA1159,A350,LAX,2C,C27,04:07,04:07,12:02,12:02,311,None,0,383,22,11457,6251
CDG451,2024-03-14,LH,LH7419,A320,DOH,3,G16,14:04,16:09,19:04,21:09,139,Ground_Handling,125,183,13,8331,4051
CDG452,2024-03-20,AF,AF9685,A320,FRA,1,A20,05:59,05:59,12:57,12:57,153,None,0,190,15,9306,7683
CDG453,2024-03-16,QR,QR2202,B737,NRT,2D,E02,08:35,08:35,13:46,13:46,177,None,0,240,18,10656,6526
CDG454,2024-03-15,AC,AC6140,A330,PEK,2F,D19,00:14,01:26,11:32,12:44,339,ATC,72,469,18,11070,3790
CDG455,2024-03-16,EK,EK2449,A330,FRA,2D,F29,18:37,18:37,00:46,00:46,318,None,0,410,5,10906,5723
CDG456,2024-03-15,EK,EK5036,A320,FRA,2C,F30,04:29,04:29,14:54,14:54,139,None,0,174,4,10938,1205
CDG457,2024-03-17,AC,AC8229,A320,DXB,2F,D27,19:07,19:07,02:02,02:02,148,None,0,204,17,9976,7134
CDG458,2024-03-20,AC,AC1539,B777,DOH,1,A16,05:08,05:08,07:20,07:20,327,None,0,437,2,8681,2286
CDG459,2024-03-20,AC,AC5106,A330,FRA,2E,E17,06:35,06:35,07:42,07:42,360,None,0,477,23,8463,8480
CDG460,2024-03-19,LH,LH3759,A330,FRA,2D,F17,03:44,03:44,09:26,09:26,421,None,0,552,16,11266,5263
CDG461,2024-03-15,VS,VS4915,B737,NRT,2C,B19,05:11,05:11,12:40,12:40,120,None,0,163,3,9317,2791
CDG462,2024-03-18,QR,QR7523,B787,NRT,2E,B09,06:01,06:01,18:33,18:33,292,None,0,363,4,10539,5519
CDG463,2024-03-14,KL,KL8127,B737,NRT,2E,D06,08:19,08:19,16:05,16:05,134,None,0,161,0,9742,5670
CDG464,2024-03-20,BA,BA8917,B737,DXB,2E,E13,02:09,02:09,13:56,13:56,146,None,0,175,24,11852,1342
CDG465,2024-03-17,AC,AC9606,B787,FRA,1,A03,08:48,09:04,18:07,18:23,339,ATC,16,425,21,11723,1718
CDG466,2024-03-16,AF,AF5082,B777,YYZ,2C,D10,19:39,19:39,06:45,06:45,415,None,0,570,21,11778,4638
CDG467,2024-03-16,VS,VS4597,A330,AMS,2C,E29,01:48,01:48,09:08,09:08,355,None,0,495,7,11210,6016
CDG468,2024-03-19,LH,LH7399,B737,PEK,3,G23,07:23,07:23,14:39,14:39,123,None,0,161,13,9859,4856
CDG469,2024-03-17,BA,BA8003,B777,NRT,2D,E10,08:52,11:49,16:05,19:02,464,ATC,177,577,14,11328,1861
CDG470,2024-03-15,BA,BA8976,A350,FRA,2C,D20,02:09,02:09,14:36,14:36,282,None,0,383,12,10597,1882
CDG471,2024-03-16,AC,AC8281,B737,FRA,2C,C16,14:28,14:28,02:46,02:46,122,None,0,153,6,11637,2376
CDG472,2024-03-16,BA,BA7725,B737,YYZ,3,G07,22:05,22:22,04:03,04:20,149,Weather,17,194,9,8392,3221
CDG473,2024-03-17,BA,BA2706,A330,NRT,2B,D18,04:36,04:36,07:56,07:56,483,None,0,669,9,11933,2050
CDG474,2024-03-16,QR,QR4522,A320,YYZ,2A,E25,23:44,23:44,03:13,03:13,151,None,0,185,9,9366,7775
CDG475,2024-03-19,BA,BA1824,B777,PEK,2D,C18,02:07,02:07,08:50,08:50,362,None,0,476,21,8484,2326
CDG476,2024-03-16,EK,EK7840,B777,DOH,2A,F26,16:56,16:56,00:03,00:03,435,None,0,568,1,10240,2873
CDG477,2024-03-17,AC,AC4548,A330,YYZ,1,A04,16:00,16:00,22:08,22:08,390,None,0,493,7,9153,1439
CDG478,2024-03-18,AF,AF1418,B737,NRT,2F,E24,12:58,12:58,23:48,23:48,120,None,0,153,24,11914,3299
CDG479,2024-03-19,KL,KL1209,A350,YYZ,2C,B05,22:52,23:59,04:23,05:30,318,Operational,67,424,3,8194,6269
CDG480,2024-03-17,KL,KL7629,B787,JFK,1,A17,06:41,06:41,07:48,07:48,290,None,0,372,17,10753,2483
CDG481,2024-03-14,QR,QR6555,B777,DXB,2B,F21,06:18,08:47,13:35,16:04,371,Ground_Handling,149,468,10,9560,5710
CDG482,2024-03-15,LH,LH8609,B737,JFK,2D,B05,11:08,11:30,18:37,18:59,152,Weather,22,190,3,10618,5757
CDG483,2024-03-20,LH,LH1048,A350,DXB,2C,F20,22:35,23:24,01:21,02:10,338,Weather,49,410,9,8952,8226
CDG484,2024-03-16,AC,AC3481,B777,LAX,2D,D17,23:39,23:39,12:34,12:34,311,None,0,382,17,8948,1348
CDG485,2024-03-14,QR,QR8904,A330,AMS,2C,D25,06:00,06:00,15:33,15:33,418,None,0,555,17,11806,3620
CDG486,2024-03-17,BA,BA1964,A350,DOH,2B,C09,06:33,06:33,11:40,11:40,339,None,0,438,22,11940,8075
CDG487,2024-03-19,AF,AF2201,A350,DXB,2A,C24,04:30,05:01,17:58,18:29,322,Crew,31,442,5,8020,1752
CDG488,2024-03-17,QR,QR4839,B777,JFK,2C,E22,07:52,07:52,09:37,09:37,498,None,0,669,18,11046,7578
CDG489,2024-03-19,KL,KL6083,A350,LHR,2B,B06,21:00,21:00,02:51,02:51,278,None,0,382,1,8897,3830
CDG490,2024-03-20,AF,AF5348,A330,LAX,2F,D12,17:08,17:08,01:30,01:30,397,None,0,523,19,8571,4651
CDG491,2024-03-17,EK,EK9973,A330,DXB,2A,F20,04:51,04:51,12:37,12:37,418,None,0,584,6,10940,5485
CDG492,2024-03-16,QR,QR1731,B787,JFK,2A,D16,23:40,00:15,10:43,11:18,299,Weather,35,417,1,11977,1782
CDG493,2024-03-17,QR,QR6709,A350,DXB,3,G02,09:35,09:35,18:26,18:26,343,None,0,436,10,10489,7212
CDG494,2024-03-18,LH,LH9499,A330,YYZ,2F,F15,15:08,15:08,04:05,04:05,496,None,0,640,9,10745,3466
CDG495,2024-03-16,AF,AF9862,B737,AMS,2B,D17,03:33,05:13,10:39,12:19,150,Operational,100,193,8,9510,8261
CDG496,2024-03-19,BA,BA9010,B787,LAX,3,G08,23:08,23:08,04:04,04:04,256,None,0,355,11,8975,7021
CDG497,2024-03-18,AF,AF1451,A350,YYZ,2F,B24,06:18,06:18,13:28,13:28,254,None,0,331,3,11239,6473
CDG498,2024-03-18,LH,LH7182,A350,YYZ,2B,E08,09:30,09:30,13:52,13:52,303,None,0,378,24,11983,4838
CDG499,2024-03-14,AC,AC1071,B777,JFK,2C,D26,03:07,03:56,13:27,14:16,477,Technical,49,624,5,8213,5308
CDG500,2024-03-14,KL,KL6219,B737,DOH,2A,C07,12:41,12:41,18:19,18:19,148,None,0,205,22,10063,5926